url,type,date,size
https://caml.inria.fr/consortium/agreement.fr.pdf,application/pdf,2018-06-23T18:27:17.198Z[Etc/UTC],501685
http://europa.eu/rapid/press-release_MEMO-18-3326_fr.pdf,application/PDF,2018-06-23T18:27:17.432Z[Etc/UTC],62906
http://europa.eu/rapid/press-release_IP-17-4183_fr.pdf,application/PDF,2018-06-23T18:27:17.622Z[Etc/UTC],53063
http://www.europe-en-france.gouv.fr/content/download/27819/257169/file/Accord%20de%20partenariat.pdf,application/pdf,2018-06-23T18:27:17.851Z[Etc/UTC],1048576
http://www.euflegt.efi.int/documents/10180/23015/Le+Cahier+sur+les+Politiques+de+l%27EFI+3+-+Qu%27est-ce+qu%27un+Accord+de+Partenariat+Volontaire+-+l%27approche+de+l%27Union+Europ%C3%A9enne/22562cb2-8fb2-4775-a2ee-6bd69c3d27f2,application/pdf,2018-06-23T18:27:18.676Z[Etc/UTC],703944
https://ci.ambafrance.org/spip.php?action=api_docrestreint&arg=3100/4494b4ec931382a862fa36f2ee4cbd42296729b5/pdf/1_-_accord_de_partenariat_-_conditions_generales-2.pdf,application/octet-stream,2018-06-23T18:27:19.375Z[Etc/UTC],87647
http://unctad.org/Sections/dite_tobedeleted/iia/docs/compendium/fr/207%20volume%208.pdf,application/pdf,2018-06-23T18:27:19.543Z[Etc/UTC],147518
http://travail-emploi.gouv.fr/IMG/pdf/accord_crit-f8e2.pdf,application/pdf,2018-06-23T18:27:19.812Z[Etc/UTC],249484
https://www.nantesmetropole.fr/deliberations/co_20081212/annexeco_12_12_08_15.pdf,application/pdf,2018-06-23T18:27:20.227Z[Etc/UTC],99246
https://www.legifrance.gouv.fr/content/download/5089/77619/version/1/file/ei_partenariat_cooperation_irak_ue_cm_28.08.2013.pdf,application/octet-stream,2018-06-23T18:27:20.493Z[Etc/UTC],56877
http://www.international.gc.ca/europe/assets/pdfs/can-ue-aps-texte-fra.pdf,application/pdf,2018-06-23T18:27:24.865Z[Etc/UTC],190030
http://www.bonfedhaiti.gouv.ht/storage/app/uploads/public/58c/6c6/f21/58c6c6f212ef2268081125.pdf,application/pdf,2018-06-23T18:27:25.690Z[Etc/UTC],174417
http://ecdpm.org/wp-content/uploads/PMR13-Accord-Partenariat-Cotonou-Laporte-November-2007-ECDPM.pdf,application/pdf,2018-06-23T18:27:25.814Z[Etc/UTC],696455
https://www.documents.clientearth.org/wp-content/uploads/library/2016-07-01-accord-de-partenariat-ministere-gabonaise-des-eaux-et-forets-et-clientearth-coll-fr.pdf,application/pdf,2018-06-23T18:27:26.094Z[Etc/UTC],859438
https://local.attac.org/rhone/IMG/pdf/ape_ue-ao_150914.pdf,application/pdf,2018-06-23T18:27:26.577Z[Etc/UTC],1048576
http://www.ecvet-projects.eu/Documents/OPIR%20MoU%20and%20LA%20ppt.pdf,application/pdf,2018-06-23T18:27:26.803Z[Etc/UTC],681166
https://web.ac-toulouse.fr/automne_modules_files/pDocs/public/r35842_61_accord-partenariat-26-03-2018.pdf,application/pdf,2018-06-23T18:27:27.192Z[Etc/UTC],68160
https://tel.archives-ouvertes.fr/tel-01022524/document,application/pdf,2018-06-23T18:27:27.679Z[Etc/UTC],1048576
http://export.businessfrance.fr/Galerie/Files/Agenda/Plaquette-Seminaire-JEFTA---Entreprises-(v4).pdf,application/pdf,2018-06-23T18:27:28.101Z[Etc/UTC],1048576
http://europe-en-champagne-ardenne.eu/wp-content/uploads/sites/3/2017/02/03_Accord_partenariat_france.pdf,application/pdf,2018-06-23T18:27:28.763Z[Etc/UTC],1048576
