url,type,date,size
https://www.univ-toulouse.fr/sites/default/files/Accord_de_Confidentialite%20.doc,application/msword,2018-06-23T11:09:50.046Z[Etc/UTC],109056
http://entrepreneurclub.orange.com/wp-content/uploads/2016/10/26104631/EC-FR-Mod%C3%A8leNDA.doc,application/msword,2018-06-23T11:09:50.450Z[Etc/UTC],41472
https://www.inpi.fr/sites/default/files/4._nda_0.pdf,application/pdf,2018-06-23T11:09:50.816Z[Etc/UTC],236887
https://www.synhorcat.com/IMG/pdf/accord_de_confidentialite_fr_07_avr_2017.pdf,application/pdf,2018-06-23T11:09:51.340Z[Etc/UTC],63725
https://www.useradgents.com/wp-content/uploads/2015/10/NDA-UAVENTURE.pdf,application/pdf,2018-06-23T11:09:51.893Z[Etc/UTC],124228
http://www.euro-upsilon.com/uploads/1/2/7/9/12791465/nda.pdf,application/pdf,2018-06-23T11:09:53.573Z[Etc/UTC],24766
http://www.nouveaumonde-avocats.com/wp-content/uploads/2015/04/Exemple-accord-unilat%C3%A9ral-V2.doc,application/msword,2018-06-23T11:09:53.911Z[Etc/UTC],54784
http://www.droitucp.fr/images/fichiers/Licence_2/Imprimer_ConfidentialityAgreement.pdf,application/pdf,2018-06-23T11:09:54.074Z[Etc/UTC],245597
http://www.arafer.fr/wp-content/uploads/2016/10/Annexe3-ACCORD-DE-CONFIDENTIALITE-AVEC-EPIC-de-TETE.pdf,application/pdf,2018-06-23T11:09:54.242Z[Etc/UTC],43410
https://www.ojc-conseil.com/Portfolio/Download/7-Accord%20de%20confidentialit%C3%A9%20-%20particuliers.doc,application/unknown,2018-06-23T11:09:54.703Z[Etc/UTC],67072
https://www.mindmeister.com/generic_files/get_file/7304998?filetype=attachment_file,application/pdf,2018-06-23T11:10:31.995Z[Etc/UTC],57906
http://www.grtgaz.com/fileadmin/clients/agenda/documents/fr/presse_accord-confidentialite_fr.pdf,application/pdf,2018-06-23T11:10:32.268Z[Etc/UTC],82441
https://www.didaconcept.com/documentation/collaboration/Exemple_accord_confidentialite.pdf,application/pdf,2018-06-23T11:10:32.750Z[Etc/UTC],32760
http://www.andra.fr/download/site-principal/document/appels-d-offres/moe-ss/clause-de--confidentialitr-moe-ss.pdf,application/pdf,2018-06-23T11:10:32.958Z[Etc/UTC],36208
http://www.alkaramaholding.com/karama/accord_isc_juillet.docx,application/vnd.openxmlformats-officedocument.wordprocessingml.document,2018-06-23T11:10:33.321Z[Etc/UTC],84071
http://www.alkaramaholding.com/karama/accord.docx,application/vnd.openxmlformats-officedocument.wordprocessingml.document,2018-06-23T11:10:33.913Z[Etc/UTC],22713
https://www.iliad.fr/documentation/Free%20Mobile-Accord%20de%20confidentialit%C3%A9.pdf,application/pdf,2018-06-23T11:10:34.137Z[Etc/UTC],225314
http://www.helicopters.airbus.com/website/docs_wsw/RUB_348/tile_3371/NDA_Open_innovation_Francais.pdf,application/pdf,2018-06-23T11:10:34.353Z[Etc/UTC],215851
http://www.loffis.com/wp-content/uploads/2015/11/accord-confidentialite-LOFFIS-V02-2015.pdf,application/pdf,2018-06-23T11:10:34.915Z[Etc/UTC],290759
http://www.tandb.fr/wp-content/uploads/2015/10/TandM_contrat_confidentialite.pdf,application/pdf,2018-06-23T11:10:35.215Z[Etc/UTC],531796
