url,type,date,size
https://caml.inria.fr/consortium/agreement.fr.pdf,application/pdf,2018-06-23T11:32:58.688+02:00[Europe/Berlin],501685
http://www.europe-en-france.gouv.fr/content/download/27819/257169/file/Accord%20de%20partenariat.pdf,application/pdf,2018-06-23T11:33:00.126+02:00[Europe/Berlin],1048576
http://europa.eu/rapid/press-release_MEMO-18-3326_fr.pdf,application/PDF,2018-06-23T11:33:03.492+02:00[Europe/Berlin],62906
http://europa.eu/rapid/press-release_IP-17-4183_fr.pdf,application/PDF,2018-06-23T11:33:04.013+02:00[Europe/Berlin],53063
http://www.euflegt.efi.int/documents/10180/23015/Le+Cahier+sur+les+Politiques+de+l%27EFI+3+-+Qu%27est-ce+qu%27un+Accord+de+Partenariat+Volontaire+-+l%27approche+de+l%27Union+Europ%C3%A9enne/22562cb2-8fb2-4775-a2ee-6bd69c3d27f2,application/pdf,2018-06-23T11:33:04.559+02:00[Europe/Berlin],703944
http://unctad.org/Sections/dite_tobedeleted/iia/docs/compendium/fr/207%20volume%208.pdf,application/pdf,2018-06-23T11:33:06.298+02:00[Europe/Berlin],147518
https://ci.ambafrance.org/spip.php?action=api_docrestreint&arg=3100/4494b4ec931382a862fa36f2ee4cbd42296729b5/pdf/1_-_accord_de_partenariat_-_conditions_generales-2.pdf,application/octet-stream,2018-06-23T11:33:07.532+02:00[Europe/Berlin],87647
https://www.nantesmetropole.fr/deliberations/co_20081212/annexeco_12_12_08_15.pdf,application/pdf,2018-06-23T11:33:08.208+02:00[Europe/Berlin],99246
https://tel.archives-ouvertes.fr/tel-01022524/document,application/pdf,2018-06-23T11:33:09.189+02:00[Europe/Berlin],1048576
http://www1.uneca.org/Portals/31/Documents/capc_no15.pdf,application/pdf,2018-06-23T11:33:11.615+02:00[Europe/Berlin],1048576
http://ecdpm.org/wp-content/uploads/PMR13-Accord-Partenariat-Cotonou-Laporte-November-2007-ECDPM.pdf,application/pdf,2018-06-23T11:33:19.279+02:00[Europe/Berlin],696455
http://www1.uneca.org/Portals/31/Documents/capc_no15.pdf,application/pdf,2018-06-23T11:33:20.895+02:00[Europe/Berlin],1048576
http://www.international.gc.ca/europe/assets/pdfs/can-ue-aps-texte-fra.pdf,application/pdf,2018-06-23T11:33:27.686+02:00[Europe/Berlin],190030
https://library.fes.de/pdf-files/bueros/kamerun/12360.pdf,,2018-06-23T11:33:40.393+02:00[Europe/Berlin],0
https://www.defi-metiers.fr/sites/default/files/users/225/hec.pdf,application/pdf,2018-06-23T11:33:40.840+02:00[Europe/Berlin],266698
https://www.documents.clientearth.org/wp-content/uploads/library/2016-07-01-accord-de-partenariat-ministere-gabonaise-des-eaux-et-forets-et-clientearth-coll-fr.pdf,application/pdf,2018-06-23T11:33:41.818+02:00[Europe/Berlin],859438
https://local.attac.org/rhone/IMG/pdf/ape_ue-ao_150914.pdf,application/pdf,2018-06-23T11:33:43.779+02:00[Europe/Berlin],1048576
http://www.ecvet-projects.eu/Documents/OPIR%20MoU%20and%20LA%20ppt.pdf,application/pdf,2018-06-23T11:33:45.829+02:00[Europe/Berlin],681166
https://web.ac-toulouse.fr/automne_modules_files/pDocs/public/r35842_61_accord-partenariat-26-03-2018.pdf,application/pdf,2018-06-23T11:33:47.831+02:00[Europe/Berlin],68160
http://europe-en-champagne-ardenne.eu/wp-content/uploads/sites/3/2017/02/03_Accord_partenariat_france.pdf,application/pdf,2018-06-23T11:33:48.900+02:00[Europe/Berlin],1048576
