url,type,date,size
http://www.puy-de-dome.cci.fr/sites/puy-de-dome.cci.fr/files/fichier_telechargement/contrat_de_franchise_international.pdf,application/pdf,2018-06-23T10:45:09.796Z[Etc/UTC],419866
http://www.alsace-eurometropole.cci.fr/sites/default/files/obligations_du_franchise_dans_le_contrat_de_franchise.pdf,application/pdf,2018-06-23T10:45:10.229Z[Etc/UTC],95153
https://www.fcga.fr/wp-content/uploads/2017/09/contrat-de-franchise-clauses-a-verifier.pdf,application/pdf,2018-06-23T10:45:10.689Z[Etc/UTC],1048576
http://www.alsaeco.com/sites/default/files/le_contrat_de_franchise.pdf,application/pdf,2018-06-23T10:45:11.181Z[Etc/UTC],75497
https://www.simonassocies.com/upload/file/Le-contrat-de-franchise-un-an-d-actualite.pdf,application/pdf,2018-06-23T10:45:11.502Z[Etc/UTC],1032248
https://assets.kpmg.com/content/dam/kpmg/fr/pdf/2016/10/fr-le-contrat-de-franchise.pdf,application/pdf,2018-06-23T10:45:11.906Z[Etc/UTC],402299
http://www.franchise-land.com/imgs/files_doc/sommaire_contrat_distribution-13-0.pdf,application/pdf,2018-06-23T10:45:12.103Z[Etc/UTC],98590
http://www.iace.tn/wp-content/uploads/2017/02/la-franchise-en-tn-erspectives-et-defis.pdf,application/pdf,2018-06-23T10:45:12.704Z[Etc/UTC],164519
http://www.lepetitjuriste.fr/wp-content/uploads/2016/10/Rapport-de-recherche-r%C3%A9daction.pdf,application/pdf,2018-06-23T10:45:13.055Z[Etc/UTC],1048576
https://www.legavox.fr/blog/murielle-cahen/contrat-franchise-savoir-faire-clauses-9995.pdf,application/pdf,2018-06-23T10:45:14.069Z[Etc/UTC],7709
https://tel.archives-ouvertes.fr/tel-01342586/document,application/pdf,2018-06-23T10:45:51.174Z[Etc/UTC],1048576
https://www.robic.ca/wp-content/uploads/2017/05/068.188F-SBEHiver2015.pdf,application/pdf,2018-06-23T10:45:52.083Z[Etc/UTC],67729
https://gm-avocats.com/la-protection-de-limage-de-marque-dans-le-contrat-de-franchise/?print=pdf,application/pdf,2018-06-23T10:45:52.904Z[Etc/UTC],71590
http://gm-avocats.com/la-zone-dexclusivite-dans-le-contrat-de-franchise/?print=pdf,application/pdf,2018-06-23T10:45:53.281Z[Etc/UTC],74990
https://www.rbcroyalbank.com/fr/entreprises/pdf/a_guide_to_buying_a_franchise_fr_1180e.pdf,application/pdf,2018-06-23T10:45:53.937Z[Etc/UTC],503418
https://www.franchise-fff.com/component/jdownloads/send/447-cadre-reglementaire/318-code-de-dontologie,application/pdf,2018-06-23T10:45:56.544Z[Etc/UTC],248369
http://www.toute-la-franchise.com/images/zoom/pdf/tout_sur_les_franchises.pdf,application/pdf,2018-06-23T10:45:56.814Z[Etc/UTC],266579
http://www.globalnegotiator.com/files/modele-contrat-franchise-international-exemple.pdf,application/pdf,2018-06-23T10:45:57.153Z[Etc/UTC],942540
http://www.commerce.gov.tn/Fr/image.php?id=399,application/pdf,2018-06-23T10:45:57.541Z[Etc/UTC],49805
http://www.rbcbanqueroyale.com/RBC:qQfzWawYUBEAvwDeI-QAAABA/franchise/franchise.pdf,application/pdf,2018-06-23T10:45:58.030Z[Etc/UTC],1048576
