url,type,date,size
http://www.avocat-rainio.com/files/MODCONTRATDAPPORTEURDAFFAIRES.doc,application/msword,2018-06-23T10:19:56.638Z[Etc/UTC],52224
http://www.puy-de-dome.cci.fr/sites/puy-de-dome.cci.fr/files/fichier_telechargement/contrat_apporteur_affaires_international.pdf,application/pdf,2018-06-23T10:19:56.781Z[Etc/UTC],419060
http://www.lareferencepierre.fr/images/contrats/contrat_apporteur_affaires.pdf,application/pdf,2018-06-23T10:19:57.365Z[Etc/UTC],608314
https://www.pierresetmer.fr/doc/Contrat_Apporteur_d_Acquereur_Paris.doc,application/msword,2018-06-23T10:19:58.210Z[Etc/UTC],35328
http://quali-gestion.fr/wp-content/uploads/2014/09/contrat-en-ligne4.pdf,application/pdf,2018-06-23T10:19:58.373Z[Etc/UTC],525812
http://www.compassconsulting.fr/wp-content/uploads/Exemple-de-contrat-dapporteur-daffaires1.pdf,application/pdf,2018-06-23T10:19:58.680Z[Etc/UTC],182306
http://lesateliershenry.com/Admin_05_files/contrat_apport_daffaire.pdf,application/pdf,2018-06-23T10:19:58.942Z[Etc/UTC],64479
https://www.grainesdesol.fr/wp-content/uploads/2016/07/3F08-Contrat-type-apporteur-daffaires-mod%C3%A8le.pdf,application/pdf,2018-06-23T10:19:59.224Z[Etc/UTC],110724
http://www.mycomptasolution.fr/wp-content/uploads/2017/02/Contrat-apporteur-daffaires.pdf,application/pdf,2018-06-23T10:19:59.452Z[Etc/UTC],549429
http://www.limoges.cci.fr/tl_files/cci-limoges/PDF/Jurdique/fiche%20info%20intermediaire%20de%20commerce%20(janv2017).pdf,application/pdf,2018-06-23T10:19:59.797Z[Etc/UTC],618174
http://www.bfs-portage.fr/docs/process-apporteurs-affaire.pdf,application/pdf,2018-06-23T10:20:38.006Z[Etc/UTC],33822
http://www.aplusfinance.com/doc-telechargeable/contrat-apporteur-daffaires-cif/,application/force-download,2018-06-23T10:20:38.574Z[Etc/UTC],105016
http://www.aplusfinance.com/doc-telechargeable/contrat-apporteur-daffaires-cif-fip-patrimoine/,application/force-download,2018-06-23T10:20:38.756Z[Etc/UTC],107629
http://macreationdentreprise.fr/wp-content/uploads/2015/07/Mod%C3%A8le-de-contrat-d-apporteur-daffaire.doc,application/msword,2018-06-23T10:20:38.996Z[Etc/UTC],52736
https://liessaccess.fr/images/documents/contrat-apporteur-affaire-liess-access.pdf,application/pdf,2018-06-23T10:20:39.408Z[Etc/UTC],220064
https://www.experatoo.com/impots/apport-affaire-remunerer-particulier_234_doc.pdf,application/pdf,2018-06-23T10:20:39.902Z[Etc/UTC],12510
https://www.experatoo.com/contrat-de-travail/contrat-apporteur-affaires-distance_154259_doc.pdf,application/pdf,2018-06-23T10:20:40.081Z[Etc/UTC],8099
http://www.billimmo.com/bundles/billimmofrontend/PDF/ContratAppAffairesBillimmo.pdf,application/pdf,2018-06-23T10:20:40.312Z[Etc/UTC],65861
http://www.matheo-pro.com/download/pdf/Dossier_Apporteur_Affaires.pdf,application/pdf,2018-06-23T10:20:41.801Z[Etc/UTC],354480
http://www.neurone-web.fr/wp-content/uploads/2013/04/ContratApporteurAffaire.pdf,application/pdf,2018-06-23T10:20:42.060Z[Etc/UTC],216840
