url,type,date,size
https://www.cnt.gouv.qc.ca/fileadmin/word/contrat_de_travail.doc,application/msword,2018-06-23T10:04:11.660Z[Etc/UTC],786944
http://werk-economie-emploi.brussels/documents/16195/54918/contrat-de-travail-travailleur-etranger.pdf/ca46eed7-5b27-4601-919a-2a7d1889c23a,,2018-06-23T10:04:12.595Z[Etc/UTC],0
https://www.lefrancaisdesaffaires.fr/wp-content/uploads/2016/05/contrat_de_travail_def..pdf,application/pdf,2018-06-23T10:04:12.869Z[Etc/UTC],1048576
http://www.sdi.be/sites/default/files/downloads/file_00011.doc,application/msword,2018-06-23T10:04:13.214Z[Etc/UTC],28672
https://www.partena-professional.be/download?id=15374,application/pdf,2018-06-23T10:04:13.543Z[Etc/UTC],262735
https://www.service-public.pf/trav/wp-content/uploads/sites/23/2017/08/modele_de_cdi_chantier_v5.pdf,application/pdf,2018-06-23T10:04:14.940Z[Etc/UTC],208847
https://www.cesu.urssaf.fr/info/files/pdf/web.110707.le.point.sur.le.contrat.de.travail.pdf,application/pdf,2018-06-23T10:04:16.125Z[Etc/UTC],292281
http://www.aclvb.be/sites/default/files/publicaties/premier-contrat-de-travail.pdf,application/pdf,2018-06-23T10:04:16.462Z[Etc/UTC],865472
http://cll.qc.ca/wp/agriculture/files/2012/02/Contrat_travail_janvier_2012.pdf,application/pdf,2018-06-23T10:04:16.904Z[Etc/UTC],287312
http://www.greagre.asso.fr/guide.pdf,application/pdf,2018-06-23T10:04:17.813Z[Etc/UTC],139311
https://www.solidaires.org/IMG/pdf/F23SolidairesContrattravail.pdf,application/octet-stream,2018-06-23T10:04:54.238Z[Etc/UTC],1048576
http://www.onem.be/sites/default/files/assets/formulaires/Bijlage_Activa_Actiris/2017_10_01_Annexe_contrat_de_travail_ACTIVA_FR.pdf,application/pdf,2018-06-23T10:04:54.661Z[Etc/UTC],410649
https://www.formulaires.modernisation.gouv.fr/gf/getNotice.do?cerfaNotice=51685&cerfaFormulaire=14830,application/pdf,2018-06-23T10:04:55.513Z[Etc/UTC],519883
https://www.boucherie-france.org/pdfjuridique_soc_924.doc,application/msword,2018-06-23T10:04:56.018Z[Etc/UTC],65536
http://www.montgomerycountymd.gov/OCP/Resources/Files/domestic/model_contract_french.pdf,application/pdf,2018-06-23T10:04:56.447Z[Etc/UTC],207171
http://www.loire.fr/upload/docs/application/pdf/contrattravailassmmat.pdf,application/pdf,2018-06-23T10:04:57.165Z[Etc/UTC],1048576
http://www.fftt.com/ttdirigeants/rh/ccns/ccns_contrat.pdf,application/pdf,2018-06-23T10:04:58.674Z[Etc/UTC],156039
https://www.conseil-national.medecin.fr/sites/default/files/collaborationsalarieeCDItempspartiel.pdf,application/pdf,2018-06-23T10:04:59.120Z[Etc/UTC],424126
http://hrcouncil.ca/docs/Modele_contrat_de_travail.doc,application/msword,2018-06-23T10:04:59.624Z[Etc/UTC],494592
https://www.dordogne.fr/servir_les_citoyens/solidarite/enfance_&_jeunesse/accueil_petite_enfance/etre_assistant_maternel/468-680/document-65c84ed4-eb4d-4951-95ff-536270ff73e5/Mod%C3%A8le%20contrat%20de%20travail%20parents-assistant%20maternel,application/pdf,2018-06-23T10:05:00.497Z[Etc/UTC],192990
