url,type,date,size
http://www.metal-pro.org/files/union-des-metalliers/espace-adherent/newsletter/newsletter_technique/2015-04/contrat-type-4-Metallerie.pdf,application/pdf,2018-06-23T11:15:42.266Z[Etc/UTC],917336
https://www.solaire-collectif.fr/photo/img/outils/Contrat_type_de_maintenance_simplifie_2014.pdf,application/pdf,2018-06-23T11:15:42.850Z[Etc/UTC],351927
https://www.generixgroup.com/wp-content/uploads/2015/10/13417Conditions-Generales-de-Maintenance.pdf,application/pdf,2018-06-23T11:15:43.707Z[Etc/UTC],337183
http://www7.inra.fr/fournisseurs/uploads/fichiers/422660.pdf,application/pdf,2018-06-23T11:15:43.973Z[Etc/UTC],387603
http://www7.inra.fr/fournisseurs/uploads/fichiers/663514.pdf,application/pdf,2018-06-23T11:15:44.149Z[Etc/UTC],480377
http://www.sidel.fr/media/7849/sidel_western_containers_usa_flyer_fr.pdf,application/pdf,2018-06-23T11:15:44.568Z[Etc/UTC],1048576
https://www.schaerer.com/fileadmin/user_upload/dokumente/agb/AGB_Service_FR.pdf,application/pdf,2018-06-23T11:15:45.026Z[Etc/UTC],21886
http://www.addon.fr/index.php/bibliotheque-de-documents/category/1-administration-des-ventes?download=1:contrat-de-maintenance-convention-de-service,application/pdf,2018-06-23T11:15:45.361Z[Etc/UTC],505207
http://www.groupetuppin.fr/entretien_sav/pdf/GUIDE_MAINTENANCE.pdf,application/pdf,2018-06-23T11:15:45.621Z[Etc/UTC],160315
https://www.agrikomp.com/images/fr-FR/pdf/BRO_Contrat-de-maintenance.pdf,application/pdf,2018-06-23T11:15:45.904Z[Etc/UTC],702855
http://www.altechgeothermie.fr/wp-content/uploads/2015/01/CM.doc,application/msword,2018-06-23T11:16:23.945Z[Etc/UTC],51712
http://emd83.com/wp-content/uploads/2016/05/CMAINT83VERSO.pdf,application/pdf,2018-06-23T11:16:24.105Z[Etc/UTC],156295
http://www.copas-systemes.fr/wp-content/uploads/2013/07/CONTRAT_DE_MAINTENANCE_COPAS_SYSTEMES.pdf,application/pdf,2018-06-23T11:16:24.262Z[Etc/UTC],57702
http://www.swiftpage.com/en-us/about/pdfs/Contract-de-maintenance.pdf,application/pdf,2018-06-23T11:16:24.829Z[Etc/UTC],285337
https://media.sage.fr/cg/expert-comptable/CG_Maintenance_Sage_Experts-Comptables.pdf,application/pdf,2018-06-23T11:16:25.842Z[Etc/UTC],43093
http://www.acti-line.com/docs/CM20xx.pdf,application/pdf,2018-06-23T11:16:26.025Z[Etc/UTC],587455
https://www.esrifrance.fr/iso_album/contrat_de_maintenance_et_de_support_arcopole.pdf,application/pdf,2018-06-23T11:16:26.822Z[Etc/UTC],147894
http://www.filemaker.com/purchase/resellers/docs/fr/maintenance_renew_ds_fr.pdf,application/pdf,2018-06-23T11:16:27.446Z[Etc/UTC],129815
https://cdn.shopify.com/s/files/1/0758/3345/files/3614F-ext.pdf,application/pdf,2018-06-23T11:16:28.039Z[Etc/UTC],23695
http://www.inibar.com/wp-content/uploads/2016/08/20160608-Conditions-G%C3%A9n%C3%A9rales-de-Maintenance-2.pdf,,2018-06-23T11:16:28.190Z[Etc/UTC],0
