url,type,date,size
http://cno.ohada.cd/mespdf/contrat/CONTRAT-D-ABONNEMENT.pdf,application/pdf,2018-06-23T11:19:24.819Z[Etc/UTC],40402
https://www.logitas.com/pdfcom/LOGITAS_ContratAbonnement.pdf,application/pdf,2018-06-23T11:19:25.607Z[Etc/UTC],56180
http://linnovore.com/cgv/CGV-LINNOVORE.pdf,application/pdf,2018-06-23T11:19:25.783Z[Etc/UTC],135547
http://loisirsetservices.com/img/cms/Contrat.pdf,application/pdf,2018-06-23T11:19:25.979Z[Etc/UTC],316742
http://www.atmp-serenite.fr/storage/documents/contrat-abonnement-atmp-serenite.pdf,application/pdf,2018-06-23T11:19:26.361Z[Etc/UTC],418758
https://www.infogreffe.fr/documents/10179/0/contrat.pdf/db945d1b-e0ca-4d6a-943c-3d82453d5297,application/pdf,2018-06-23T11:19:26.699Z[Etc/UTC],420452
http://www.q-park-resa.fr/Web/Conditions-generales-de-vente-des-contrats-Q-Park.pdf,application/pdf,2018-06-23T11:19:27.069Z[Etc/UTC],142391
http://www.polynesienne-des-eaux.pf/wp-content/uploads/2017/04/pirae-contrat-d-abonnement.pdf,application/pdf,2018-06-23T11:19:27.702Z[Etc/UTC],132060
http://communauto.com/abonnes/Contrat_d'abonnement.pdf,application/pdf,2018-06-23T11:19:28.370Z[Etc/UTC],117948
https://www.vert-marine.com/cap-vert-les-herbiers-85/pdf/contrat-abonnement-cgv.pdf,application/pdf,2018-06-23T11:19:28.822Z[Etc/UTC],209089
https://www.vert-marine.com/cap-vert-les-herbiers-85/pdf/contrat-abonnement-cgv.pdf,application/pdf,2018-06-23T11:20:01.562Z[Etc/UTC],209089
https://www.amennet.com.tn/Contrat-abonnement-@mennet.pdf,application/pdf,2018-06-23T11:20:02.111Z[Etc/UTC],344307
https://www.registre-commerce.tn/search/textes/documents/contrat%20prepaye%20RCC.pdf,application/pdf;charset=UTF-8,2018-06-23T11:20:02.800Z[Etc/UTC],232527
http://www.sieam.eu/pdf/Contrat-d-abonnement-vente-hors-etablissement-ou-a-distance.pdf,application/pdf,2018-06-23T11:20:03.324Z[Etc/UTC],649450
https://onelaw.fr/wp-content/uploads/2015/04/abonnement-avocat-direct-onelaw.pdf,application/pdf,2018-06-23T11:20:03.650Z[Etc/UTC],338470
http://crossfitantipolis.com/cgv.pdf,application/pdf,2018-06-23T11:20:04.034Z[Etc/UTC],234480
https://boutique.orange.fr/doc/contrat2006.pdf,,2018-06-23T11:20:04.399Z[Etc/UTC],0
https://www.laregie.fr/dynamic/documents/avenant_contrat_internet_100_megas_v10.pdf,application/pdf,2018-06-23T11:20:04.639Z[Etc/UTC],130039
http://www.meusegrandsud.fr/fileadmin/user_upload/mediatheque/agglo/Eau_Assainissement/EAU_contrat_abt_AGGLO2016-06_tarifs_2017.pdf,application/pdf,2018-06-23T11:20:04.943Z[Etc/UTC],1048576
https://www.sud.banquepopulaire.fr/portailinternet/Editorial/Lists/DocEditoList/documents/tarifs-et-reglementations/conditions-generales-dematerialisees-part/CG_MOVIPLUS.pdf,application/pdf,2018-06-23T11:20:05.545Z[Etc/UTC],32243
