url,type,date,size
https://www.la-chaumiere-volvic.com/images/contrat.pdf,application/pdf,2018-06-23T10:21:18.013Z[Etc/UTC],390328
https://www.lefrancaisdesaffaires.fr/wp-content/uploads/2016/05/contrat_location_def..pdf,application/pdf,2018-06-23T10:21:18.840Z[Etc/UTC],1034993
https://www.medoc-atlantique.com/sites/medococean/files/content/files/contrat_de_location_et_cg_0_1.doc,application/msword,2018-06-23T10:21:21.022Z[Etc/UTC],40960
http://www.uncllaj.org/document-logement/contrat-loc.pdf,application/pdf,2018-06-23T10:21:21.173Z[Etc/UTC],35407
http://www.logis-sur.fr/storage/documents/a-la-signature-du-bail/modele-contrat-de-location-meuble.pdf,application/pdf,2018-06-23T10:21:21.352Z[Etc/UTC],50200
http://www.alpesfleuries.com/Images/contrat_clairsoleil_vabres.pdf,application/pdf,2018-06-23T10:21:21.891Z[Etc/UTC],83696
http://www.dgae.gov.pf/wp-content/uploads/2012/05/Mod%C3%A8le-contrat-bail-2015.pdf,application/pdf,2018-06-23T10:21:22.465Z[Etc/UTC],270844
https://selectra.info/files/modele_contrat_de_bail_logement_non_meuble.pdf,application/pdf,2018-06-23T10:21:23.022Z[Etc/UTC],204408
https://selectra.info/files/modele_contrat_de_bail_logement_meuble.pdf,application/pdf,2018-06-23T10:21:23.124Z[Etc/UTC],178066
https://www.ile-oleron-marennes.com/sites/default/files/espace_pro/contrat_de_location_-_marennes_oleron_tourisme.pdf,application/pdf,2018-06-23T10:21:23.309Z[Etc/UTC],80038
http://www.thecatalogne.com/files/ContratLocation-TheCatalogne.pdf,application/pdf,2018-06-23T10:22:00.191Z[Etc/UTC],333960
http://camping-kerivoas.fr/sites/camping-kerivoas.fr/IMG/pdf/location.pdf,application/pdf,2018-06-23T10:22:00.552Z[Etc/UTC],636740
https://www.pap.fr/annonceur/fichier?type=contrat&filename=location_vide.pdf,application/pdf,2018-06-23T10:22:01.056Z[Etc/UTC],394493
http://www.gite-des-sapins.com/app/download/8866019/contrat+type.pdf,application/pdf,2018-06-23T10:22:02.339Z[Etc/UTC],1034530
https://vacances.seloger.com/telechargement/contrat-location-saisonniere,application/pdf,2018-06-23T10:22:02.772Z[Etc/UTC],151230
http://web.hec.ca/mansco/fichiers_bd/exercice3_23_a.pdf,application/pdf,2018-06-23T10:22:03.208Z[Etc/UTC],1048576
http://hellfest-hebergement.fr/HFH/contrats/contrat.pdf,application/pdf,2018-06-23T10:22:04.959Z[Etc/UTC],43458
http://lecabanonbreton.com/assets/CONTRAT-de-LOCATION-SAISONNIERE-Fran%C3%A7ais-Anglais.pdf,application/pdf,2018-06-23T10:22:05.225Z[Etc/UTC],39519
http://www.beau-rivage.fr/uploads/pdf/contrat-de-location-cgv.pdf,application/pdf,2018-06-23T10:22:05.425Z[Etc/UTC],1048576
https://www.justice.fr/printpdf/75235,,2018-06-23T10:22:11.510Z[Etc/UTC],0
