url,type,date,size
http://www.radhius.fr/legal/contrat-de-licence-d-utilisateur-final-et-conditions-d-utilisation-du-produit-Ambulis-sur-IOS.pdf,application/pdf,2018-06-23T18:56:32.317Z[Etc/UTC],288056
http://www.setra.fr/html/logicielsOA/CONVOA/Licence.pdf,application/pdf,2018-06-23T18:56:32.630Z[Etc/UTC],75211
https://www.bourgeoisavocats.com/fileadmin/pdfs/conferences/La_negociation_d_un_contrat_de_licence_.pdf,application/pdf,2018-06-23T18:56:32.907Z[Etc/UTC],233055
http://www.swiftpage.com/en-us/about/pdfs/Contrat-de-Licence.pdf,application/pdf,2018-06-23T18:56:33.561Z[Etc/UTC],283224
http://www.modeleslettresgratuites.com/licence_de_marque.pdf,application/pdf,2018-06-23T18:56:34.729Z[Etc/UTC],34763
https://www.cisco.com/c/dam/global/fr_ca/assets/pdf/Terms_of_Sale_and_Software_License_Agreement_Cisco_legal_review.pdf,application/pdf,2018-06-23T18:56:34.926Z[Etc/UTC],182837
https://www.inpi.fr/sites/default/files/2._contrat_de_licence_dexploitation_0.pdf,application/pdf,2018-06-23T18:56:35.083Z[Etc/UTC],519931
https://www.filemaker.com/company/legal/docs/sla/fmi_sla_fr.pdf,application/pdf,2018-06-23T18:56:36.222Z[Etc/UTC],156455
http://help.objectiflune.com/fr/OL-EULA.pdf,,2018-06-23T18:56:36.936Z[Etc/UTC],0
https://cdn.shopify.com/s/files/1/0758/3345/files/1486F-ext.pdf,application/pdf,2018-06-23T18:56:37.036Z[Etc/UTC],12921
https://www.couperin.org/negociations/liste-des-negociations/download/3813/1132/15,application/force-download,2018-06-23T18:56:43.623Z[Etc/UTC],59523
https://www.couperin.org/negociations/liste-des-negociations/download/2849/367/15,application/pdf,2018-06-23T18:56:43.942Z[Etc/UTC],406861
http://www.rds.asso.fr/newsletters/licences/RF_License_Agreement.fr.pdf,application/pdf,2018-06-23T18:56:44.206Z[Etc/UTC],234727
https://www.lne.fr/sites/default/files/bloc-telecharger/licence_logiciel-LNE-RegPoly.pdf,application/pdf,2018-06-23T18:56:44.796Z[Etc/UTC],81191
http://www.conseilfrancophone.org/fr_FR/ressources/download/id/17,application/octet-stream,2018-06-23T18:56:45.265Z[Etc/UTC],65024
http://cmm.ensmp.fr/Morph-M/licence_morphm_python.pdf,application/pdf,2018-06-23T18:56:45.410Z[Etc/UTC],180061
http://www.cecill.info/licences/Licence_CeCILL-V1_VF.pdf,application/pdf,2018-06-23T18:56:45.618Z[Etc/UTC],181624
https://www.csi.ca/student/fr_ca/designations/pdf/PFP_Certification_Mark_License_Agreement.pdf,,2018-06-23T18:56:55.809Z[Etc/UTC],0
https://www.self-med.fr/platform/resources/gtu/cgu_self-med.pdf,application/pdf,2018-06-23T18:56:55.971Z[Etc/UTC],450294
http://www.leica-geosystems.com.br/br/Software_License_Agreement_FR.pdf,application/pdf,2018-06-23T18:56:56.386Z[Etc/UTC],167507
