url,type,date,size
https://www.protegez-vous.ca/content/download/31092/393766/version/2/file/Contrat_de_vente.pdf,application/pdf,2018-06-23T10:52:23.001Z[Etc/UTC],221802
http://ww2.autoscout24.fr/as24_service_contract.pdf,application/pdf,2018-06-23T10:52:23.457Z[Etc/UTC],279835
https://www.automobile-club.org/assets/doc/contrat_vente_particuliers.pdf,application/pdf,2018-06-23T10:52:23.807Z[Etc/UTC],288745
http://www.coders15.fr/medias/Assurances/Contrat%20de%20vente.pdf,application/pdf,2018-06-23T10:52:23.987Z[Etc/UTC],734713
https://eeas.europa.eu/sites/eeas/files/modele_de_contrat_de_vente_de_vehicule.pdf,application/pdf,2018-06-23T10:52:24.265Z[Etc/UTC],19317
https://cdn.shopify.com/s/files/1/0758/3345/files/1820F-ext.pdf,application/pdf,2018-06-23T10:52:24.403Z[Etc/UTC],13979
https://cdn.shopify.com/s/files/1/0758/3345/files/1450F-ext.pdf,application/pdf,2018-06-23T10:52:24.449Z[Etc/UTC],12792
http://www.autoritedelaconcurrence.fr/doc/caudalie.pdf,application/pdf,2018-06-23T10:52:24.611Z[Etc/UTC],170721
http://anaisenjalbert.com/files/contrats/contrat-vente-peinture.pdf,application/pdf,2018-06-23T10:52:24.806Z[Etc/UTC],64811
http://www.laforetbouge.fr/drupal/system/files/page/modele_contrat_de_vente.pdf,application/pdf,2018-06-23T10:52:25.500Z[Etc/UTC],56987
http://www.laforetbouge.fr/drupal/system/files/page/modele_contrat_de_vente.pdf,application/pdf,2018-06-23T10:53:03.927Z[Etc/UTC],56987
https://www.lkeria.com/doc/modele-type-de-contrat-de-vente-sur-plans.pdf,application/pdf,2018-06-23T10:53:04.502Z[Etc/UTC],204874
http://sejours-randonnee-montagne.com/wp-content/uploads/2016/02/contrat-vente.pdf,application/pdf,2018-06-23T10:53:04.988Z[Etc/UTC],621447
https://www.ac-clermont.fr/disciplines/fileadmin/user_upload/Economie-Gestion/Voie_Professionnelle/ressources_peda/Eco_Droit/5_-_L_organisation_des_echanges/5.2_CONTRAT_DE_VENTE.docx,application/vnd.openxmlformats-officedocument.wordprocessingml.document,2018-06-23T10:53:05.361Z[Etc/UTC],32042
https://www.uncitral.org/pdf/french/clout/digest2008/article067.pdf,application/pdf,2018-06-23T10:53:05.706Z[Etc/UTC],40264
http://www.mri.gouv.qc.ca/PDF/actualites/Contrat%20de%20vente%20aux%20ench%C3%83%C2%A8res.pdf,application/pdf,2018-06-23T10:53:06.440Z[Etc/UTC],132439
https://www.mapaq.gouv.qc.ca/SiteCollectionDocuments/Regions/SaguenayLacStJean/Ventedegrains_CainLamarre.pdf,application/pdf,2018-06-23T10:53:07.889Z[Etc/UTC],235580
https://www.bois-forets.com/documents/Contrat_de_vente_de_bois_sur_pied.pdf,application/pdf,2018-06-23T10:53:08.546Z[Etc/UTC],208432
https://crpf-paysdelaloire.fr/sites/default/files/fiches/Contrat_de_vente_de_bois_sur_pied_et_de_houppiers.doc,application/msword,2018-06-23T10:53:08.828Z[Etc/UTC],25088
http://www.pijouls.com/contrats/916ventebdr.pdf,application/pdf,2018-06-23T10:53:08.961Z[Etc/UTC],12810
