url,type,date,size
http://www.kleyrgrasso.com/wp-content/uploads/2017/03/Les-contrats-de-bail-cours-CCDL-2016-2017.pdf,application/octet-stream,2018-06-23T10:29:08.128Z[Etc/UTC],1048576
https://www.residence-lapinede.com/docs/contrat-bail.pdf,application/pdf,2018-06-23T10:29:09.407Z[Etc/UTC],248331
http://edbm.mg/wp-content/uploads/2017/09/CONTRAT-DE-BAIL.doc,application/msword,2018-06-23T10:29:10.130Z[Etc/UTC],37376
http://www.appartager.com/images/FR/Contrats_colocation/bail%20AVEC%20clause%20solidarit%C3%A9%20appartager2.pdf,application/pdf,2018-06-23T10:29:10.439Z[Etc/UTC],99353
https://selectra.info/files/modele_contrat_de_bail_logement_non_meuble.pdf,application/pdf,2018-06-23T10:29:10.704Z[Etc/UTC],204408
https://selectra.info/files/modele_contrat_de_bail_logement_meuble.pdf,application/pdf,2018-06-23T10:29:10.799Z[Etc/UTC],178066
https://www.lefrancaisdesaffaires.fr/wp-content/uploads/2016/05/contrat_location_def..pdf,application/pdf,2018-06-23T10:29:11.127Z[Etc/UTC],1034993
http://odeon.groupe-vanadis.com/sites/all/themes/odeon/docs/ODEON-BailTypeRT-Nimes%2004-06-2013.pdf,application/pdf,2018-06-23T10:29:11.605Z[Etc/UTC],465516
http://kintambo.cd/doc/CONTRAT%20DE%20BAIL%20KINTAMBO.pdf,application/pdf,2018-06-23T10:29:12.005Z[Etc/UTC],81370
https://www.imcongo.com/dpics/docs/2016-04-19-12-24-11_IMCONGO_bail_Mod%C3%A8leI.pdf,application/pdf,2018-06-23T10:29:12.572Z[Etc/UTC],143845
https://www.cotedor.cci.fr/sites/default/files/documents/votre_cci/decouvrir_nos_actions/Deliberations/2017-06-26/21-01_annexe_projet_bail_commercial.pdf,application/pdf,2018-06-23T10:29:49.989Z[Etc/UTC],785112
https://www.justice.fr/printpdf/75235,,2018-06-23T10:29:55.548Z[Etc/UTC],0
http://www.immobilieraucongo.com/docs/AVENANT_AU_CONTRAT_DE_BAIL.doc,application/msword,2018-06-23T10:29:55.762Z[Etc/UTC],31744
https://logement.brussels/louer/bail-dhabitation/boite-a-outils-de-communication/folder-dinformation/Logement_Depliant_A5_FR_LV.PDF,,2018-06-23T10:30:01.184Z[Etc/UTC],0
http://www.europarl.europa.eu/meetdocs/2009_2014/documents/budg/dv/2011_helsinki_arrangement_admin_/2011_helsinki_arrangement_admin_fr.pdf,application/pdf,2018-06-23T10:30:01.422Z[Etc/UTC],126559
https://undg.org/wp-content/uploads/2016/10/Standard-Lease_French2006.doc,application/msword,2018-06-23T10:30:02.194Z[Etc/UTC],53248
https://www.imcongo.com/dpics/docs/2016-05-27-09-42-30_IMCONGO_Bailcommercial_mod%C3%A8leboutique.pdf,application/pdf,2018-06-23T10:30:02.542Z[Etc/UTC],141645
https://www.rentila.com/content/Models/Baux/Bail%20commercial.doc,application/msword,2018-06-23T10:30:03.391Z[Etc/UTC],116736
http://www.openlandcontracts.org/contract/ocds-591adf-6045003432/download/pdf,application/pdf,2018-06-23T10:30:04.345Z[Etc/UTC],103705
https://popp.undp.org/UNDP_POPP_DOCUMENT_LIBRARY/Public/PSU_Administration%20Services_Award%20of%20Contract_Contrat%20de%20Bail%20-%20French_FR.docx,application/vnd.openxmlformats-officedocument.wordprocessingml.document,2018-06-23T10:30:05.057Z[Etc/UTC],72916