url,type,date,size
http://www.oecd.org/fr/appelsdoffres/100001293%20-%20Projet%20de%20Contrat.pdf,application/pdf,2018-06-23T18:32:16.600Z[Etc/UTC],519646
https://www.swissbanking.org/library/rahmenvertraege-formulare/schweizer-rahmenvertrag-fuer-otc-derivate-2013-isda-version/contrat-cadre-suisse-pour-produits-derives-otc/@@download/file/20170327-3240-VRT-OTC_ISDA_F-CLA.pdf,application/pdf,2018-06-23T18:32:17.232Z[Etc/UTC],425647
http://www.europarl.europa.eu/tenders/2013/20130517/2013_019_Modele_de_contrat_cadre_CS_BdC_VAO.pdf,application/pdf,2018-06-23T18:32:17.532Z[Etc/UTC],223920
http://ec.europa.eu/social/BlobServlet?docId=944&langId=fr,application/pdf,2018-06-23T18:32:17.846Z[Etc/UTC],564031
https://www.xylem.com/siteassets/support/terms-and-conditions/xylem-form-msa-for-vendors_fra.pdf,application/pdf,2018-06-23T18:32:18.465Z[Etc/UTC],480236
https://www.anyti.me/PDF/cgv/treezor_contrat_cadre_service_de_paiement_avec_carte_PP.pdf,application/pdf,2018-06-23T18:32:18.821Z[Etc/UTC],222752
https://www.anyti.me/PDF/cgv/treezor_b2b_avec_carte_20180111.pdf,application/pdf,2018-06-23T18:32:18.958Z[Etc/UTC],375864
https://clients.rte-france.com/htm/fr/mediatheque/telecharge/reftech/10-04-15_article_8-9-2__v1.pdf,application/pdf,2018-06-23T18:32:19.200Z[Etc/UTC],1048576
http://www.sesarju.eu/sites/default/files/documents/procurements/SJU-LC-0040-draft-contract.pdf,application/pdf,2018-06-23T18:32:19.617Z[Etc/UTC],136397
http://www.autoritedelaconcurrence.fr/doc/projetnouveaucontratcadre_festina.pdf,application/pdf,2018-06-23T18:32:19.801Z[Etc/UTC],85406
https://www.wandy.fr/doc/LEMONWAY.pdf,application/pdf,2018-06-23T18:32:25.386Z[Etc/UTC],625209
http://i.dell.com/sites/doccontent/legal/terms-conditions/fr/Documents/Contrat_Partenariat_2017.pdf,application/pdf,2018-06-23T18:32:25.859Z[Etc/UTC],816409
https://www.iliad.fr/documentation/Free-Interco%20IP-Contrat%20Cadre%20et%20Contrat%20Application-170401.pdf,application/pdf,2018-06-23T18:32:26.099Z[Etc/UTC],1048576
http://www.createurdimage.fr/wp-content/uploads/2017/09/cgv.pdf,application/pdf,2018-06-23T18:32:26.326Z[Etc/UTC],62227
http://www.ja-sr.sk/files/Fr%20scan%20dohody.PDF,application/pdf,2018-06-23T18:32:26.524Z[Etc/UTC],159541
http://www.midipyrenees.fr/IMG/pdf/Contrat_Cadre_Pays_Mt_et_Lacs_Lzou.pdf,application/pdf,2018-06-23T18:32:27.100Z[Etc/UTC],1048576
http://www.creda.cci-paris-idf.fr/colloques/pdf/1996-contrat-cadre-distribution/contrat-cadre-actes.pdf,application/pdf,2018-06-23T18:32:28.360Z[Etc/UTC],927843
http://www.creda.cci-paris-idf.fr/colloques/pdf/1996-contrat-cadre-distribution/03-France-notion.pdf,application/pdf,2018-06-23T18:32:28.520Z[Etc/UTC],109391
https://www.mangopay.com/terms/PSP/PSP_MANGOPAY_FR.pdf,application/pdf,2018-06-23T18:32:28.772Z[Etc/UTC],231238
http://www.miplaine-entreprises.com/uploads/Contrat%20Cadre%20Prestation%20de%20Services.pdf,application/pdf,2018-06-23T18:32:29.051Z[Etc/UTC],413409
