url,type,date,size
https://www.six-group.com/dam/download/procurement/AGB-Belgium/SIX-Belgique-CG-du-Contrat-d'ouvrage-et-d'entreprise_October-2017_francais.pdf,application/pdf,2018-06-23T18:49:00.777Z[Etc/UTC],186387
https://www.iquesta.com/telechargement/Le-Regime-Des-Contrats-Dentreprise-115.html,application/octet-stream,2018-06-23T18:49:01.318Z[Etc/UTC],1048576
http://www.albixon.fr/data/files/terms-and-conditions/albixon_VSP_ZO_FR.pdf,application/pdf,2018-06-23T18:49:01.627Z[Etc/UTC],167434
http://www.juriscope.org/uploads/etudes/Espagne/Droit%20des%20affaires_Regime%20de%20la%20sous-traitance%20industrielle_Espagne_2000.pdf,application/pdf,2018-06-23T18:49:02.214Z[Etc/UTC],81306
https://ssl.editionsthemis.com/uploaded/revue/article/rjtvol36num1/girard.pdf,application/pdf,2018-06-23T18:49:02.850Z[Etc/UTC],160389
https://smlouvy.gov.cz/smlouva/soubor/2650546/17SMN003%20%20%20SoD_Studie%20proveditelnosti%20speci%C3%A1ln%C3%ADch%20dve%C5%99%C3%AD%20DPTE%2090_Francie_FJ.docx,application/vnd.openxmlformats-officedocument.wordprocessingml.document,2018-06-23T18:49:03.466Z[Etc/UTC],147333
https://www.sainte-therese.ca/fichiersUsagers/fichiers/ville/proces_verbal/Proces-verbal-ville-sainte-therese-2011-05-09-extraordinaire.pdf,application/pdf,2018-06-23T18:49:04.418Z[Etc/UTC],50914
https://www.sainte-therese.ca/fichiersUsagers/fichiers/ville/proces_verbal/Proces-verbal-ville-sainte-therese-2014-04-07.pdf,application/pdf,2018-06-23T18:49:04.754Z[Etc/UTC],1048576
http://www.sainte-therese.ca/fichiersUsagers/fichiers/ville/proces_verbal/Proces-verbal-ville-sainte-therese-2013-05-06.pdf,application/pdf,2018-06-23T18:49:05.767Z[Etc/UTC],1048576
https://www.sainte-therese.ca/fichiersUsagers/fichiers/ville/proces_verbal/Proces-verbal-ville-sainte-therese-2011-11-07.pdf,application/pdf,2018-06-23T18:49:06.778Z[Etc/UTC],688195
http://www.sainte-therese.ca/fichiersUsagers/fichiers/ville/proces_verbal/Proces-verbal-ville-sainte-therese-2006-06-05.pdf,application/pdf,2018-06-23T18:49:14.146Z[Etc/UTC],244570
