url,type,date,size
http://www.cantal.cci.fr/sites/cantal.cci.fr/files/fichier_telechargement/contrat_distrib_%20inter.pdf,application/pdf,2018-06-23T10:02:47.316Z[Etc/UTC],759551
http://www.cantal.cci.fr/sites/cantal.cci.fr/files/fichier_telechargement/contrat%20de%20dsitribution_0.pdf,application/pdf,2018-06-23T10:02:47.574Z[Etc/UTC],666335
http://www.agencecm.com/pages/Contrat_ACM_1FILM.pdf,application/pdf,2018-06-23T10:02:47.978Z[Etc/UTC],477890
http://www.idavocats.fr/IMG/pdf/contrats_d_agence_et_de_distribution_en_france_et_en_Belgique.pdf,application/pdf,2018-06-23T10:02:48.392Z[Etc/UTC],279335
http://medias.corexfccq.com/publications/le-contrat-de-distribution.pdf,application/pdf,2018-06-23T10:02:48.853Z[Etc/UTC],394518
http://droit-et-commerce.org/medias/ConferenceDroitEtCommerce-03102014-1.pdf,application/pdf,2018-06-23T10:02:49.367Z[Etc/UTC],596166
https://halshs.archives-ouvertes.fr/file/index/docid/1025325/filename/contrats_de_distribution_dits_de_partenariat_optimise.pdf,application/pdf,2018-06-23T10:02:50.110Z[Etc/UTC],1048576
http://www.conseilfrancophone.org/fr_FR/ressources/download/id/13,application/octet-stream,2018-06-23T10:02:50.609Z[Etc/UTC],41472
https://mind.prismsrl.it/wp-content/uploads/2017/02/44.The-exclusive-distribution-agreement-or-commercial-concession.pdf,application/pdf,2018-06-23T10:02:50.923Z[Etc/UTC],129327
http://www.globalnegotiator.com/files/modele-contrat-distribution-international-exemple.pdf,application/pdf,2018-06-23T10:02:51.247Z[Etc/UTC],946136
https://mind.prismsrl.it/wp-content/uploads/2017/02/44.The-exclusive-distribution-agreement-or-commercial-concession.pdf,application/pdf,2018-06-23T10:03:25.809Z[Etc/UTC],129327
http://www.athena-gs.com/commercial/contrat_oem_eset.pdf,application/pdf,2018-06-23T10:03:26.035Z[Etc/UTC],48190
http://www.streamtease.net/docs/memex/Chine/CONTRAT%20DE%20DISTRIBUTION%20ETHYLOK%20PELIMEX%20(4).doc,application/msword,2018-06-23T10:03:26.554Z[Etc/UTC],48128
http://www.oracle.com/ocom/groups/public/%40opnpublic/documents/webcontent/035591.pdf,application/pdf,2018-06-23T10:03:27.038Z[Etc/UTC],336838
https://www.epson.fr/files/ckeditor/c/g/v/0/CGV_2016_EpsonFrance_SAS_France_M_tropolitaine_R_seauDistribution.pdf,application/pdf,2018-06-23T10:03:27.383Z[Etc/UTC],494026
https://halshs.archives-ouvertes.fr/file/index/docid/1025325/filename/contrats_de_distribution_dits_de_partenariat_optimise.pdf,application/pdf,2018-06-23T10:03:28.172Z[Etc/UTC],1048576
http://www.energies-renouvelables.org/observ-er/html/Contrat-distribution-critere-dans-le-cadre-d-un-reseau.pdf,application/pdf,2018-06-23T10:03:28.716Z[Etc/UTC],459102
http://www.swiftpage.com/en-us/about/pdfs/ContratdeDistributionAct.pdf,application/pdf,2018-06-23T10:03:29.570Z[Etc/UTC],475327
https://cdn.shopify.com/s/files/1/0758/3345/files/3714F-ext.pdf,application/pdf,2018-06-23T10:03:30.794Z[Etc/UTC],23829
http://www.creda.cci-paris-idf.fr/colloques/pdf/1996-contrat-cadre-distribution/contrat-cadre-actes.pdf,application/pdf,2018-06-23T10:03:30.881Z[Etc/UTC],927843
