url,type,date,size
https://www.turcot.transports.gouv.qc.ca/fr/Documents/Turcot%20Contrat%20C-C%20-%20Contrat%20du%20Projet%20C-C%20-%20public.pdf,application/pdf,2018-06-23T11:11:12.276Z[Etc/UTC],1048576
https://www.turcot.transports.gouv.qc.ca/fr/Documents/Turcot%20Contrat%20C-C%20%20Annexe%2010%20-%20public.pdf,application/pdf,2018-06-23T11:11:13.251Z[Etc/UTC],340119
http://www.egfbtp.com/sites/default/files/contrats-globaux-partie1.pdf,application/pdf,2018-06-23T11:11:13.723Z[Etc/UTC],1048576
https://cegq.com/posts/view/110,text/html; charset=UTF-8,2018-06-23T11:11:14.511Z[Etc/UTC],26432
https://www.eiffage.com/files/live/sites/eiffage/files/Actualites/communiques/fr/Eiffage-CP-Gabon.pdf,application/pdf,2018-06-23T11:11:14.817Z[Etc/UTC],45295
http://www.zonebourse.com/VINCI-438486/pdf/429301/Vinci_Infos-Business.pdf,application/pdf,2018-06-23T11:11:15.079Z[Etc/UTC],48422
http://vinci-construction-projets.com/wp-content/uploads/2013/06/vinci_metro-doha-fr.pdf,application/pdf,2018-06-23T11:11:15.449Z[Etc/UTC],66537
http://applicatif.ville.montreal.qc.ca/som-fr/pdf_offres/pdfof11582.pdf,application/pdf,2018-06-23T11:11:15.737Z[Etc/UTC],19200
http://applicatif.ville.montreal.qc.ca/som-fr/pdf_offres/pdfof11832.pdf,application/pdf,2018-06-23T11:11:16.083Z[Etc/UTC],12904
https://www.syntec-ingenierie.fr/wp-content/uploads/_mediavault/2017/01/2014-04-01-guide-relations-collectivite-Recommandation-Pratique-ingenierie-dans-les-contrats-globaux-infrastructures.pdf,text/html; charset=UTF-8,2018-06-23T11:11:18.594Z[Etc/UTC],5240
https://www.syntec-ingenierie.fr/wp-content/uploads/_mediavault/2017/01/2014-04-01-guide-relations-collectivite-Recommandation-Pratique-ingenierie-dans-les-contrats-globaux-infrastructures.pdf,text/html; charset=UTF-8,2018-06-23T11:11:57.269Z[Etc/UTC],5240
https://www.syntec-ingenierie.fr/wp-content/uploads/2017/11/CV-V-Leloup_Oct_2017_FR.pdf,application/pdf,2018-06-23T11:11:57.336Z[Etc/UTC],135640
http://www.servicepublic.gouv.sn/assets/textes/aids_sa_extrait_principes_contrat_sbg_aibd_version_signee.pdf,application/pdf,2018-06-23T11:11:57.933Z[Etc/UTC],104897
http://www.tpsgc-pwgsc.gc.ca/biens-property/sngp-npms/bi-rp/route-road/documents/cc-db-fra.pdf,application/pdf,2018-06-23T11:11:59.434Z[Etc/UTC],241006
https://www.eurovia.com/media/1466461/cp_i85_blythe_usa_fr.pdf,application/pdf,2018-06-23T11:12:00.364Z[Etc/UTC],141764
https://www.poitiers.fr/conseils/cm/20140630/2014-0203.pdf,application/pdf,2018-06-23T11:12:01.159Z[Etc/UTC],118733
http://www.fsh.nc/wp-content/uploads/2015/08/CGCC-V2-Joce.pdf,application/pdf,2018-06-23T11:12:03.667Z[Etc/UTC],437743
https://revay.com/revayreports/fr/vol16no2.php,application/pdf,2018-06-23T11:12:06.351Z[Etc/UTC],434952
https://www.encon.ca/French/resources/LossControlInformation/Bulletins/documents/ae/lcb%20for%20ae/AE97F.pdf,application/pdf,2018-06-23T11:12:08.285Z[Etc/UTC],135101
http://www.omexom.com/wp-content/uploads/2017/12/VINCI_VINCI_ENERGIES_ECOSSE_VF.pdf,application/pdf,2018-06-23T11:12:08.779Z[Etc/UTC],327048
