url,type,date,size
http://www.theatreetproduction.org/sites/default/files/modeles/contrat_de_cession.pdf,application/pdf,2018-06-23T20:08:15.956+02:00[Europe/Berlin],145294
http://www.organisateur-spectacle.org/index.php?lang=fr&cmpref=35231&module=media&action=Display,application/pdf,2018-06-23T20:08:16.878+02:00[Europe/Berlin],21842
http://mutualise.artishoc.com/cnd/media/5/contrat_de_cession_droits_spectacle.pdf,application/pdf,2018-06-23T20:08:17.584+02:00[Europe/Berlin],322794
http://www.culture.gouv.fr/content/download/21445/183000/version/1/file/Licences_Contrat_de_cession.pdf,application/octet-stream,2018-06-23T20:08:18.718+02:00[Europe/Berlin],19210
https://www.iddac.net/phocadownload/userupload/espace/contrat_cession_iddac_1314.pdf,application/pdf,2018-06-23T20:08:19.397+02:00[Europe/Berlin],97502
http://www.dastum.bzh/FR/contrat_cession_droits_dastum_2017.pdf,application/pdf,2018-06-23T20:08:19.931+02:00[Europe/Berlin],299869
http://www.fondation-alliancefr.org/wp-content/themes/af/class.file.dwnload.php?f=http://www.fondation-alliancefr.org/wp-content/medias/RESPONSABLES_DALLIANCES/gestion_culturelle/Contrat_de_cession_de_droit_d_exploitation_d_un_spectacle.doc,application/octet-stream,2018-06-23T20:08:21.289+02:00[Europe/Berlin],69120
http://editionslarcier.larciergroup.com/resource/extra/9782804420925/Mod%C3%A8les_contrats-types-essai.pdf,application/pdf,2018-06-23T20:08:21.820+02:00[Europe/Berlin],234021
https://journals.openedition.org/crcv/13599?file=1,application/pdf,2018-06-23T20:08:22.901+02:00[Europe/Berlin],230999
http://www.adda-lot.com/sites/default/files/contrat%20cession%20modele.pdf,application/pdf,2018-06-23T20:08:23.560+02:00[Europe/Berlin],28428
https://journals.openedition.org/crcv/13599?file=1,application/pdf,2018-06-23T20:08:30.818+02:00[Europe/Berlin],230999
https://journals.openedition.org/afriques/563?file=1,application/pdf,2018-06-23T20:08:31.427+02:00[Europe/Berlin],14088
http://www.bnn-mapra-art.org/pdf/Modele-de-contrat-de-cession-de-droits.doc,application/msword,2018-06-23T20:08:31.825+02:00[Europe/Berlin],31232
http://racine.cccommunication.biz/v1/wents/users/99645/docs/cr_juridique9_02_15.pdf,application/pdf,2018-06-23T20:08:32.500+02:00[Europe/Berlin],285507
https://cdn.shopify.com/s/files/1/0758/3345/files/3074F-ext.pdf,application/pdf,2018-06-23T20:08:33.597+02:00[Europe/Berlin],20535
http://bbkiss.free.fr/docs/CONTRAT%20DE%20CESSION%20DE%20DROITS%20DE%20REPRESENTATION.doc,application/msword,2018-06-23T20:08:33.969+02:00[Europe/Berlin],24576
http://legi-spectacle.org/boiteaoutils/pdf/contrat_cession.doc,application/msword,2018-06-23T20:08:34.396+02:00[Europe/Berlin],46592
http://www.arcade-paca.com/fileadmin/documents/ressources_pedagogiques/Contrats_2012/CT_Cession/CTRT1202_27.pdf,application/pdf,2018-06-23T20:08:34.860+02:00[Europe/Berlin],164110
https://www.uved.fr/fileadmin/user_upload/Documents/word/Modele-type_contrat-de-cession-de-droits-auteur.doc,application/msword,2018-06-23T20:08:35.717+02:00[Europe/Berlin],37888
http://www.univ-angers.fr/_attachments/concours-actualite/20151124_UA_contrat_cession_droits.pdf?download=true,application/pdf,2018-06-23T20:08:36.252+02:00[Europe/Berlin],103412
