url,type,date,size
http://www.microfinancegateway.org/sites/default/files/job_resources_files/annexe_2-_modele_de_contrat_type.pdf,application/pdf,2018-06-23T18:24:56.454Z[Etc/UTC],469062
https://www.crcc-versailles.fr/cac-assistant/fic/7-10-Collaboration-exty-rieure-exemple-de-contrat.doc,application/msword,2018-06-23T18:24:56.829Z[Etc/UTC],69632
https://www.bureauxapartager.com/blog/wp-content/uploads/2017/10/Mode%CC%80le-prestation-de-services.pdf,application/pdf,2018-06-23T18:24:57.097Z[Etc/UTC],172719
http://www.advizium.fr/wp-content/uploads/2014/10/Exemple-de-contrat-de-prestation-de-services-Janvier-2014.pdf,application/pdf,2018-06-23T18:24:57.416Z[Etc/UTC],282225
http://www.univ-angers.fr/_attachments/sciam-laboratoire/contrat%2520prestation.pdf?download=true,application/pdf,2018-06-23T18:24:57.756Z[Etc/UTC],18434
http://www.snrc.fr/stock/20151007_Contrattype_Sante.pdf,application/pdf,2018-06-23T18:24:57.973Z[Etc/UTC],405591
http://www.port-armor.com/wp-content/uploads/2011/07/CONTRAT-CARB.-AE-+-Clauses-ad.-2014-2016.pdf,application/pdf,2018-06-23T18:24:58.595Z[Etc/UTC],173961
https://www.bbusi.com/doc/180123_Exemple_de_contrat_de_prest_de_serv_entre_experts-comptables.doc,application/msword,2018-06-23T18:24:59.084Z[Etc/UTC],84480
http://www.hauteloire.cci.fr/sites/hauteloire.cci.fr/files/fichier_telechargement/presta_service_sect_conseil.pdf,application/pdf,2018-06-23T18:24:59.254Z[Etc/UTC],376104
https://www.unicef.org/wcaro/Wcaro_ARV_PSM_study_Fr_juin_2008.pdf,application/pdf,2018-06-23T18:24:59.752Z[Etc/UTC],519057
http://www.port-armor.com/wp-content/uploads/2011/07/CONTRAT-CARB.-AE-+-Clauses-ad.-2014-2016.pdf,application/pdf,2018-06-23T18:25:06.689Z[Etc/UTC],173961
https://media.sage.fr/cg/expert-comptable/Contrat_de_prestations_EDI_Sage_Experts-Comptables.pdf,application/pdf,2018-06-23T18:25:07.441Z[Etc/UTC],27740
https://www.fonction-publique.gouv.fr/files/files/Action_sociale/documents/10-Projet-de-contrat-entreprise.docx,application/vnd.openxmlformats-officedocument.wordprocessingml.document,2018-06-23T18:25:08.052Z[Etc/UTC],88924
http://www.msa085155.fr/lfy/documents/98915/1175546/msa085155_1338802015076_CONTRAT_PRESTATION_DE_SERVICES_VENDANGES.doc/0fa801d3-bcf3-4787-be3c-d209373a3348,application/msword,2018-06-23T18:25:08.241Z[Etc/UTC],52224
https://www.arftlv.org/TELECHARGEMENT/2894/_Convention_GEIQ__BTP_AFPA_EPC__pdf_.pdf,application/pdf,2018-06-23T18:25:08.657Z[Etc/UTC],534075
http://www.clefs-services.com/images/PDF/contrat_proprietaire_clefservice_definitif_bis.pdf,application/pdf,2018-06-23T18:25:09.061Z[Etc/UTC],300563
http://www.salviadeveloppement.fr/wp-content/uploads/2018/02/CG_Prestations-01-18.pdf,application/pdf,2018-06-23T18:25:09.310Z[Etc/UTC],338793
http://www.carlara.com/document/presse/article-intitule-achats-de-prestations-intellectuelles%3A-un-nouveau-cadre-juridique-des-nouveaux-usages-mazars-carlara-%3A-avis-d-experts-avril-2017.pdf,application/pdf,2018-06-23T18:25:09.605Z[Etc/UTC],1048576
http://www.bordeaux-metropole.fr/content/download/10434/file_pdf/P0H40.pdf,application/pdf,2018-06-23T18:25:10.209Z[Etc/UTC],1048576
http://cocooning-services.fr/documents/conditions_generales_contrat.pdf,application/pdf,2018-06-23T18:25:12.129Z[Etc/UTC],86800
