url,type,date,size
http://www.sgdl.org/phocadownload/Actualit%C3%A9s_2014/Contrat_d%C3%A9dition_comment%C3%A9_SGDL_20141201.pdf,application/pdf,2018-06-23T10:30:44.520Z[Etc/UTC],314169
http://www.sgdl.org/phocadownload/Juridique/Mod%C3%A8le_de_contrat_d%C3%A9dition_-_SGDL_20150201.pdf,application/pdf,2018-06-23T10:30:44.713Z[Etc/UTC],504503
http://fill-livrelecture.org/wp-content/uploads/2014/06/lenouveaucontratdeditioncr2lpcardie2015.pdf,application/pdf,2018-06-23T10:30:45.052Z[Etc/UTC],515415
https://www.snac.fr/pdf/cpe-snac-comptes.pdf,application/pdf,2018-06-23T10:30:45.492Z[Etc/UTC],1048576
http://la-charte.fr/IMG/pdf/contrataldente-2.pdf,application/pdf,2018-06-23T10:30:47.285Z[Etc/UTC],1048576
http://manuscritdepot.com/contrat_edition/contrat-edition.pdf,application/pdf,2018-06-23T10:30:48.207Z[Etc/UTC],214188
http://theses.univ-lyon2.fr/files/contrat_edition.pdf,application/pdf,2018-06-23T10:30:48.816Z[Etc/UTC],96177
http://leblogmia.com/wp-content/uploads/2012/09/modele_engagement_blog.pdf,application/pdf,2018-06-23T10:30:49.322Z[Etc/UTC],51144
http://crl-bourgogne.org/upload/2-contrat_dedition_ce_qui_change.pdf,application/pdf,2018-06-23T10:30:49.610Z[Etc/UTC],172151
http://www.usopav.org/documents/contrats/pdf/USOPAV_Contrat_EDITION_(Com).pdf,application/pdf,2018-06-23T10:30:49.876Z[Etc/UTC],351071
https://www.sne.fr/app/uploads/2017/10/2-Contrat-edition-LG_SNE_version-25-nov-2014-1.pdf,application/pdf,2018-06-23T10:31:30.973Z[Etc/UTC],390134
https://www.sne.fr/app/uploads/2017/11/1_contratdedition_SNE_ALN_112013.pdf,application/pdf,2018-06-23T10:31:31.137Z[Etc/UTC],723237
http://openscience.ens.fr/COPYRIGHTS_AND_LICENSES/LICENSES/COPYRIGHT_TOOLBOX_LICENSES/Copyright_Toolbox_SURF_Modele_de_Contrat_Edition.pdf,application/pdf,2018-06-23T10:31:31.386Z[Etc/UTC],29259
https://xn--ditions-du-chat-minou-94b.fr/site/documents/contrat_%C3%A9ditions_chat-minou.pdf,application/pdf,2018-06-23T10:31:31.641Z[Etc/UTC],201814
http://editions-exaequo.fr/WebRoot/Store9/Shops/fc87d040-8e0b-4ca2-8b3b-710a0fc4e391/MediaGallery/Auteurs_-_Contrat_Type_Ex_Aequo.pdf,application/pdf,2018-06-23T10:31:31.879Z[Etc/UTC],169099
http://www.la-sofia.org/sofia/webdav/site/Sofia/shared/Kiosque/SOFIA_Nouveau_Contrat_Edition_Numerique.pdf,application/pdf,2018-06-23T10:31:32.121Z[Etc/UTC],602621
https://inhesj.fr/sites/default/files/inhesj_files/publications/CSJ/contrat_def.pdf,application/pdf,2018-06-23T10:31:32.967Z[Etc/UTC],153106
https://www.adagp.fr/sites/default/files/contrat-commente.pdf,application/pdf,2018-06-23T10:31:33.382Z[Etc/UTC],1048576
https://www.livre-paca.org/lib_php/download.php?fileID=21&type=File&round=95844265,application/pdf,2018-06-23T10:31:34.033Z[Etc/UTC],174278
https://www.cairn.info/load_pdf.php?ID_ARTICLE=LEGI_051_0097,text/html; charset=UTF-8,2018-06-23T10:31:34.592Z[Etc/UTC],47061
