url,type,date,size
http://www.oec-paris.fr/sites/default/files/asset/document/90_convention_sequestre.doc,,2018-06-23T18:24:34.733Z[Etc/UTC],0
http://www.bretagne.experts-comptables.fr/wp-content/uploads/2014/07/CONVENTION-SEQUESTRE.pdf,application/pdf,2018-06-23T18:24:34.925Z[Etc/UTC],189394
http://www.agence-france-locale.fr/sites/afl/files/2017-01/Convention-de-sequestre_CDC.pdf,application/pdf,2018-06-23T18:24:35.240Z[Etc/UTC],161245
http://www.raimbeaucourt.fr/fileadmin/Public/Administratif/ConseilsMunicipaux/Dossiers/2017/DossierCM29Mai/Point_4_-_Modele_convention_Compte_sequestre_2017.pdf,application/pdf,2018-06-23T18:24:35.535Z[Etc/UTC],70809
https://www.unca.fr/images/stories/pdf/carpa/fond_de_tiers/REF_1057-CARPA-REMUNERATION_SEQUESTRES_CONVENTIONNELS.pdf,application/pdf,2018-06-23T18:24:37.019Z[Etc/UTC],69787
https://www.unca.fr/images/stories/pdf/carpa/informatique/08.3138_GUIDE_PRATIQUE_GCMF__SEQUESTRES_CONVENTIONNELS.pdf,application/pdf,2018-06-23T18:24:37.121Z[Etc/UTC],1048576
https://d1n7iqsz6ob2ad.cloudfront.net/document/pdf/534561c4800e6.pdf,application/octet-stream,2018-06-23T18:24:37.451Z[Etc/UTC],99553
http://m.ccvusp.fr/tzr/scripts/downloader2.php?filename=DELIBCCVU/DOCUMENT/9c/9e/5259y8d2kee3&mime=application/pdf&originalname=D201530_CONV_DE_SEQUESTRE_ENTRE_CCVU_ET_COUTTOLENC.pdf,application/pdf,2018-06-23T18:24:37.689Z[Etc/UTC],679468
http://www.wk-rh.fr/actualites/upload/CahierDRH-GESTION_RH.pdf,application/pdf,2018-06-23T18:24:38.106Z[Etc/UTC],1048576
http://www.conferencedesbatonniers.com/images/Focus/2014/RecommandationsWEB_Cdcc_adoptees_14112013.pdf,application/pdf,2018-06-23T18:24:39.425Z[Etc/UTC],1048576
http://delibs.seine-et-marne.fr/api/getfile?path=SEANCE_20140314/9235.8.4-PPRT_convention-de-sequestre.pdf,application/pdf,2018-06-23T18:24:46.050Z[Etc/UTC],51942
https://www.prexem.com/CGU-Prexem.pdf,application/pdf,2018-06-23T18:24:46.422Z[Etc/UTC],367634
https://service-public-particuliers.gouv.mc/content/download/18413/291944/file/SOMMAIRE_9.pdf,application/octet-stream,2018-06-23T18:24:47.010Z[Etc/UTC],38890
http://www.conferencedesbatonniers.com/images/journal_des_batonniers/journal_batonniers__12.pdf,application/pdf,2018-06-23T18:24:47.133Z[Etc/UTC],1048576
https://www.ginestie.com/site/wp-content/uploads/2017/06/FKerebel-Promesse-U-DrSt%C3%A9s-2017.pdf,application/pdf,2018-06-23T18:24:47.477Z[Etc/UTC],1048576
http://encyclopedie.avocats.fr/DOCS/DCN/RIN/DCN2016-002_RIN-MODIF_2016-12-09_RU_Art-6-Art-19-Activite-prof-avocat.pdf,application/pdf,2018-06-23T18:24:47.837Z[Etc/UTC],296162
http://fr.mbws.com/sites/default/files/communique_garantie_gsc_jnr_4254510f558b994.pdf,application/pdf,2018-06-23T18:24:48.252Z[Etc/UTC],445324
http://fr.mbws.com/sites/default/files/6-rs_mbws_3112016_signe.pdf,application/pdf,2018-06-23T18:24:48.521Z[Etc/UTC],588030
https://www.valtech.ca/siteassets/investor/assemblees-generales/2011/aga/10.-valtech-projet-de-resolutions.pdf,application/pdf,2018-06-23T18:24:49.401Z[Etc/UTC],161290
https://www.experatoo.com/professionnels/sequestre-lors-vente-situation_149690_doc.pdf,application/pdf,2018-06-23T18:24:49.882Z[Etc/UTC],10738
