url,type,date,size
https://www.fonction-publique.gouv.fr/files/files/Action_sociale/documents/10-Projet-de-contrat-entreprise.docx,application/vnd.openxmlformats-officedocument.wordprocessingml.document,2018-06-23T11:05:01.084Z[Etc/UTC],88924
http://herault.cci.fr/fichier/projetcontratapprentissagesetejuillet2017pdf/download,force-download,2018-06-23T11:05:01.517Z[Etc/UTC],1048576
https://www.expertisefrance.fr/documents/20182/670339/Annexe+3+-+Projet+de+contrat.pdf/bf0f870d-6ca1-4222-b6d6-b8b4932d3aca,application/pdf,2018-06-23T11:05:02.520Z[Etc/UTC],357472
https://curia.europa.eu/jcms/jcms/P_151893/sv/,application/pdf,2018-06-23T11:05:03.566Z[Etc/UTC],184651
http://gard.cci.fr/file/ficheprojetcontratpdf/download,force-download,2018-06-23T11:05:04.133Z[Etc/UTC],264536
http://www.formation-cci-lot.fr/imgmaj/10/contrat-apprentissage-demande-prealable.pdf,application/pdf,2018-06-23T11:05:04.439Z[Etc/UTC],301392
http://www.cma-charente.fr/js/kcfinder/files/fiches%20pdf/APPRENTISSAGE/PROJET%20DE%20CONTRAT%20CMA16%20-2018.pdf,application/pdf,2018-06-23T11:05:04.651Z[Etc/UTC],436517
http://www.haute-marne.cci.fr/sites/haute-marne.cci.fr/IMG/pdf/projet-de-contrat.pdf,application/pdf,2018-06-23T11:05:04.917Z[Etc/UTC],196937
https://www.cma-hauteloire.fr/sites/default/files/projet_de_contrat_2017.pdf,application/pdf,2018-06-23T11:05:05.293Z[Etc/UTC],570013
http://www.sesarju.eu/sites/default/files/documents/procurements/SJU-LC-0117-Projet_de_contrat.pdf,application/pdf,2018-06-23T11:05:05.615Z[Etc/UTC],526724
http://www.sesarju.eu/sites/default/files/documents/procurements/SJU-LC-0117-Projet_de_contrat.pdf,application/pdf,2018-06-23T11:05:42.865Z[Etc/UTC],526724
http://www.sesarju.eu/sites/default/files/documents/procurements/SJU-LC-0040-draft-contract.pdf,application/pdf,2018-06-23T11:05:43.150Z[Etc/UTC],136397
http://www.vaucluse.cci.fr/wp-content/uploads/2015/04/fiche-projet-contrat-dapprentissage.pdf,application/pdf,2018-06-23T11:05:43.315Z[Etc/UTC],779190
http://www.ariege.cci.fr/files/cci09/accomplir_vos_formalites/fiche-de-demande-d-etablissement-de-contrat-d-apprentissage.pdf,application/pdf,2018-06-23T11:05:43.671Z[Etc/UTC],709808
http://www.charente.cci.fr/bundles/begitaladmin/plugins/elFinder/fichiers/cci-angouleme/formalites/apprentissage/2014-07-projet-contrat-apprentissage-cci.pdf,application/pdf,2018-06-23T11:05:44.035Z[Etc/UTC],390738
https://www.economie.gouv.fr/files/files/directions_services/ppp/clausier_type.doc,application/msword,2018-06-23T11:05:44.704Z[Etc/UTC],662528
http://www.arafer.fr/wp-content/uploads/2017/03/Avis-2017-036-du-29-mars-2017-Contrat-Etat-SNCF-R%C3%A9seau-VERSION-PUBLIQUE.pdf,application/pdf,2018-06-23T11:05:44.900Z[Etc/UTC],548591
http://www.who.int/iris/bitstream/10665/101158/1/EB51R14_fre.pdf,application/pdf;charset=ISO-8859-1,2018-06-23T11:05:45.424Z[Etc/UTC],312638
http://www.cma-puydedome.fr/Portals/91/apprentissage/FRP%202015.pdf,application/pdf,2018-06-23T11:05:45.769Z[Etc/UTC],145067
http://auzet.fr/IMG/UserFiles/Images/CR-BLEONE-%20TOME%201.pdf,application/pdf,2018-06-23T11:05:46.040Z[Etc/UTC],1048576
