url,type,date,size
http://www.ffme-rhone-alpes.com/wp-content/uploads/2015/06/traite_fusion_AURA.pdf,application/pdf,2018-06-23T10:46:34.050Z[Etc/UTC],807779
http://www.ceea-allier.com/_fichiers/brochures/1507540590_CEE-03-TRAITE-DE-FUSION-ABSORPTION-VF.pdf,application/pdf,2018-06-23T10:46:34.753Z[Etc/UTC],86237
http://solfia.org/IMG/pdf_MODELE_TRAITE_DE_FUSION.pdf,application/pdf,2018-06-23T10:46:35.225Z[Etc/UTC],315343
http://www.leshotelsdeparis.com/_media/files/Trait%C3%A9%20de%20fusion%20-%2020%20Novembre%202014.pdf,application/pdf,2018-06-23T10:46:35.630Z[Etc/UTC],1048576
http://www.lespepsra.org/IMG/pdf/traite_de_fusion_ampp_pep_sra_-_valide_par_les_deux_c.a._le_18_octobre_2016.pdf,application/pdf,2018-06-23T10:46:35.944Z[Etc/UTC],477790
http://cissara.org/wp-content/uploads/2017/12/traite_fusion_ciss_aura.pdf,application/pdf,2018-06-23T10:46:36.462Z[Etc/UTC],389273
http://cissara.org/wp-content/uploads/2016/03/projet-trait-de-fusion-cissra-cissa-vf.pdf,application/pdf,2018-06-23T10:46:36.814Z[Etc/UTC],575050
http://www.oree.org/_script/ntsp-document-file_download.php?document_id=3107&document_file_id=3159,application/pdf,2018-06-23T10:46:37.313Z[Etc/UTC],71061
http://www.fiducial-gerance.fr/content/download/389/file/projet-traite-fusion-Selectipierre-2.pdf,application/pdf,2018-06-23T10:46:37.745Z[Etc/UTC],595909
http://www.initiative-sdpam.com/medias/telechargements/a5/1098/isp_-_traite_de_fusion.pdf,application/pdf,2018-06-23T10:46:38.574Z[Etc/UTC],210891
http://lerubanvert.centres-sociaux.fr/files/2013/02/TRAITE-DE-FUSION-sign%C3%A9.pdf,application/pdf,2018-06-23T10:47:14.651Z[Etc/UTC],1048576
http://www.scbsm.fr/images/pdf/3-2-Projet-de-traite-de-fusion-version-signee-26-novembre-2014.pdf,application/pdf,2018-06-23T10:47:14.834Z[Etc/UTC],1048576
https://medias.webdistrib.com/Cms/2016/05/Projet-de-fusion-absorption-d--finitif-10.05.2016.pdf,application/pdf,2018-06-23T10:47:15.240Z[Etc/UTC],476907
https://www.sources-du-buech.com/tzr/scripts/downloader2.php?filename=T004/fichier/8c/f7/dlr5a2amjkej&mime=application/pdf&originalname=Trait_fusion_absorption_FINAL_OTI_Bu_ch_16-03-2017.pdf,application/pdf,2018-06-23T10:47:15.773Z[Etc/UTC],395527
http://www.engie.com/wp-content/uploads/2012/05/traite-fusion-absorption-rivolam.pdf,application/pdf,2018-06-23T10:47:16.126Z[Etc/UTC],278094
http://www.casp.asso.fr/index.php/documents/doc_download/129-projet-de-traite-de-fusion-casp-arapej.html,application/pdf,2018-06-23T10:47:16.835Z[Etc/UTC],711448
https://www.ca-normandie-seine.fr/Vitrine/ObjCommun/Fic/NormandieSeine/pdf/2016/projet-traite-fusion-fecamp-valmont.pdf,application/pdf,2018-06-23T10:47:17.671Z[Etc/UTC],306328
http://ligue-roller-sport-rhone-alpes.com/wp-content/uploads/2015/12/2015_11_26_doc_traitedefusion_V4.doc,application/msword,2018-06-23T10:47:18.078Z[Etc/UTC],63488
http://www.ivsfrance.com/FILES_UPLOAD/mokafe.pdf,application/pdf,2018-06-23T10:47:18.415Z[Etc/UTC],1048576
http://www.leonix.fr/traite_fusion_leonix.pdf,application/pdf,2018-06-23T10:47:19.957Z[Etc/UTC],1017341
